Employeeid,Password,Name,Age,Sex,Address,Phone ,Allowance,Bonus,Present
6969A,123456,Shibashis Banerjee,100,M,Siliguri,9474426929,1452529,78565,170
6260,123456,Subham Mondol,26,O,Durgapur,9474046239,1423125,94044,124
6784,123456,Soumik Laik,33,M,Kolkata,9474759374,1163651,86107,147
6554,123456,Sonali Kumari,26,F,Kalighat,9474121027,851134,57986,169
6220,123456,Ronnie Londo,27,M,Lahore,9474573144,2114779,77174,159
6204,123456,Thomas Muller,35,M,Kolkata,9474579605,931012,94313,138
6740,123456,Md Salla,26,M,Kolkata,9474662664,817445,81155,161
6903,123456,Vladamir Putin,26,M,Kolkata,9474557587,844622,62314,176
6916,123456,Robert Levendoski,39,M,Kolkata,9474222990,1341061,61450,135
6785,123456,Cristiano Ronaldo,23,M,Kolkata,9474343096,1678089,92333,232
6634,123456,Raul,35,M,Kolkata,9474869673,1567072,70365,246
6722,123456,Kuldeep,31,M,Srinagar,9474717331,799493,70409,133
6575,123456,Romi Rain,25,F,Srinagar,9474016653,1339677,98123,246
6161,123456,Rihanna,24,F,Srinagar,9474654702,977297,50149,245
6168,123456,Rupsha,26,F,Srinagar,9474132163,1767071,66326,148
6605,123456,Shreya,26,F,Srinagar,9474100630,794600,86111,245
6989,123456,Sneha Ghosh,35,F,Srinagar,9474403033,1487594,69964,182
6727,123456,Mangammer,37,F,Srinagar,9474743552,1409622,57052,189
6843,123456,Rohini,24,F,Siliguri,9474588932,2056099,85713,139